-- phpMyAdmin SQL Dump
-- version 4.0.10.20
-- https://www.phpmyadmin.net
--
-- Host: localhost
-- Generation Time: Apr 13, 2018 at 06:09 AM
-- Server version: 5.1.73
-- PHP Version: 5.3.3

SET SQL_MODE = "NO_AUTO_VALUE_ON_ZERO";
SET time_zone = "+00:00";


/*!40101 SET @OLD_CHARACTER_SET_CLIENT=@@CHARACTER_SET_CLIENT */;
/*!40101 SET @OLD_CHARACTER_SET_RESULTS=@@CHARACTER_SET_RESULTS */;
/*!40101 SET @OLD_COLLATION_CONNECTION=@@COLLATION_CONNECTION */;
/*!40101 SET NAMES utf8 */;

--
-- Database: `salary_system`
--
CREATE DATABASE IF NOT EXISTS `salary_system` DEFAULT CHARACTER SET utf8 COLLATE utf8_general_ci;
USE `salary_system`;

-- --------------------------------------------------------

--
-- Table structure for table `bntype`
--

DROP TABLE IF EXISTS `bntype`;
CREATE TABLE IF NOT EXISTS `bntype` (
  `grade` int(2) NOT NULL AUTO_INCREMENT COMMENT '奖金类别号',
  `name` char(10) NOT NULL,
  PRIMARY KEY (`grade`)
) ENGINE=MyISAM  DEFAULT CHARSET=utf8 COMMENT='奖金类别' AUTO_INCREMENT=3 ;

--
-- Dumping data for table `bntype`
--

INSERT INTO `bntype` (`grade`, `name`) VALUES
(1, '月末绩效'),
(2, '年终奖');

-- --------------------------------------------------------

--
-- Table structure for table `bonus`
--

DROP TABLE IF EXISTS `bonus`;
CREATE TABLE IF NOT EXISTS `bonus` (
  `id` int(8) NOT NULL,
  `year` int(4) NOT NULL,
  `month` int(2) NOT NULL,
  `grade` int(2) NOT NULL,
  `bonus` double(20,2) NOT NULL,
  KEY `id` (`id`)
) ENGINE=MyISAM DEFAULT CHARSET=utf8;

--
-- Dumping data for table `bonus`
--

INSERT INTO `bonus` (`id`, `year`, `month`, `grade`, `bonus`) VALUES
(10001, 2018, 3, 1, 3000.00),
(10001, 2018, 3, 2, 5000.00),
(10002, 2018, 3, 1, 3500.00),
(10003, 2018, 3, 1, 4200.00),
(10004, 2018, 3, 1, 3500.00),
(10005, 2018, 3, 1, 2900.00),
(10006, 2018, 3, 1, 3100.00),
(10007, 2018, 3, 1, 3300.00),
(10008, 2018, 3, 1, 0.00),
(10009, 2018, 3, 1, 3000.00),
(10010, 2018, 3, 1, 0.00),
(10011, 2018, 3, 1, 0.00),
(10012, 2018, 3, 1, 500.00),
(10013, 2018, 3, 1, 500.00),
(10014, 2018, 3, 1, 200.00),
(10015, 2018, 3, 1, 3000.00),
(10016, 2018, 3, 1, 3000.00),
(10017, 2018, 3, 1, 2000.00),
(10018, 2018, 3, 1, 1200.00),
(10019, 2018, 3, 1, 2800.00),
(10020, 2018, 3, 1, 400.00),
(10021, 2018, 3, 1, 1100.00),
(10022, 2018, 3, 1, 4500.00),
(10023, 2018, 3, 1, 2000.00),
(10024, 2018, 3, 1, 5800.00),
(10025, 2018, 3, 1, 3000.00),
(10026, 2018, 3, 1, 1000.00),
(10027, 2018, 3, 1, 10000.00),
(10028, 2018, 3, 1, 0.00),
(10029, 2018, 3, 1, 1000.00),
(10030, 2018, 3, 1, 2000.00),
(10031, 2018, 3, 1, 2100.00),
(10032, 2018, 3, 1, 3000.00),
(10033, 2018, 3, 1, 3400.00),
(10034, 2018, 3, 1, 2500.00),
(10035, 2018, 3, 1, 0.00),
(10001, 2018, 2, 1, 3000.00),
(10002, 2018, 2, 1, 3500.00),
(10003, 2018, 2, 1, 4200.00),
(10004, 2018, 2, 1, 3500.00),
(10005, 2018, 2, 1, 2900.00),
(10006, 2018, 2, 1, 3100.00),
(10007, 2018, 2, 1, 3300.00),
(10008, 2018, 2, 1, 0.00),
(10009, 2018, 2, 1, 3000.00),
(10010, 2018, 2, 1, 0.00),
(10011, 2018, 2, 1, 0.00),
(10012, 2018, 2, 1, 500.00),
(10013, 2018, 2, 1, 500.00),
(10014, 2018, 2, 1, 200.00),
(10015, 2018, 2, 1, 3000.00),
(10016, 2018, 2, 1, 3000.00),
(10017, 2018, 2, 1, 2000.00),
(10018, 2018, 2, 1, 1200.00),
(10019, 2018, 2, 1, 2800.00),
(10020, 2018, 2, 1, 400.00),
(10021, 2018, 2, 1, 1100.00),
(10022, 2018, 2, 1, 4500.00),
(10023, 2018, 2, 1, 2000.00),
(10024, 2018, 2, 1, 5800.00),
(10025, 2018, 2, 1, 3000.00),
(10026, 2018, 2, 1, 1000.00),
(10027, 2018, 2, 1, 10000.00),
(10028, 2018, 2, 1, 0.00),
(10029, 2018, 2, 1, 1000.00),
(10030, 2018, 2, 1, 2000.00),
(10031, 2018, 2, 1, 2100.00),
(10032, 2018, 2, 1, 3000.00),
(10033, 2018, 2, 1, 3400.00),
(10034, 2018, 2, 1, 2500.00),
(10035, 2018, 2, 1, 0.00);

-- --------------------------------------------------------

--
-- Table structure for table `bsalary`
--

DROP TABLE IF EXISTS `bsalary`;
CREATE TABLE IF NOT EXISTS `bsalary` (
  `id` int(8) NOT NULL AUTO_INCREMENT COMMENT '员工号',
  `bsalary` double(20,2) NOT NULL,
  PRIMARY KEY (`id`)
) ENGINE=MyISAM  DEFAULT CHARSET=utf8 COMMENT='员工基础薪水' AUTO_INCREMENT=10036 ;

--
-- Dumping data for table `bsalary`
--

INSERT INTO `bsalary` (`id`, `bsalary`) VALUES
(10001, 31000.00),
(10002, 14500.00),
(10003, 20500.00),
(10004, 7000.00),
(10005, 4000.00),
(10006, 15000.00),
(10007, 25500.00),
(10008, 22000.00),
(10009, 26000.00),
(10010, 21000.00),
(10011, 14100.00),
(10012, 4500.00),
(10013, 15000.00),
(10014, 31500.00),
(10015, 7500.00),
(10016, 14500.00),
(10017, 11000.00),
(10018, 12000.00),
(10019, 4600.00),
(10020, 13000.00),
(10021, 21000.00),
(10022, 15000.00),
(10023, 21000.00),
(10024, 26000.00),
(10025, 32000.00),
(10026, 27000.00),
(10027, 11000.00),
(10028, 15000.00),
(10029, 10000.00),
(10030, 21000.00),
(10031, 25000.00),
(10032, 14000.00),
(10033, 41000.00),
(10034, 20000.00),
(10035, 15000.00);

-- --------------------------------------------------------

--
-- Table structure for table `leave`
--

DROP TABLE IF EXISTS `leave`;
CREATE TABLE IF NOT EXISTS `leave` (
  `id` int(8) NOT NULL,
  `year` int(4) NOT NULL,
  `month` int(2) NOT NULL,
  `day` int(2) NOT NULL,
  `grade` int(2) NOT NULL,
  `hours` int(2) NOT NULL,
  KEY `id` (`id`)
) ENGINE=MyISAM DEFAULT CHARSET=utf8 COMMENT='请假信息';

--
-- Dumping data for table `leave`
--

INSERT INTO `leave` (`id`, `year`, `month`, `day`, `grade`, `hours`) VALUES
(10001, 2018, 3, 3, 1, 8),
(10001, 2018, 2, 5, 3, 8),
(10002, 2018, 3, 15, 1, 8),
(10002, 2018, 3, 16, 1, 8),
(10002, 2018, 3, 18, 2, 8),
(10003, 2018, 3, 8, 2, 8),
(10003, 2018, 3, 20, 3, 8),
(10006, 2018, 3, 20, 1, 8),
(10006, 2018, 2, 20, 2, 4),
(10007, 2018, 3, 2, 3, 4),
(10007, 2018, 3, 16, 1, 8),
(10008, 2018, 2, 16, 1, 4),
(10009, 2018, 3, 5, 3, 4),
(10012, 2018, 3, 4, 2, 4),
(10013, 2018, 3, 10, 2, 8),
(10013, 2018, 2, 10, 2, 8),
(10014, 2018, 3, 12, 2, 8),
(10022, 2018, 3, 1, 2, 8),
(10022, 2018, 3, 29, 2, 8),
(10032, 2018, 3, 22, 2, 8),
(10035, 2018, 3, 12, 3, 8);

-- --------------------------------------------------------

--
-- Table structure for table `lvtype`
--

DROP TABLE IF EXISTS `lvtype`;
CREATE TABLE IF NOT EXISTS `lvtype` (
  `grade` int(2) NOT NULL AUTO_INCREMENT COMMENT '请假类别号',
  `name` char(10) NOT NULL,
  `wage` double(20, 2) NOT NULL COMMENT '扣月薪转换为时薪的百分比',
  PRIMARY KEY (`grade`)
) ENGINE=MyISAM  DEFAULT CHARSET=utf8 COMMENT='请假类别' AUTO_INCREMENT=4 ;

--
-- Dumping data for table `lvtype`
--

INSERT INTO `lvtype` (`grade`, `name`, `wage`) VALUES
(1, '带薪休假', 0.0),
(2, '常规病假', 0.5),
(3, '普通事假', 1.0);

-- --------------------------------------------------------

--
-- Table structure for table `overtime`
--

DROP TABLE IF EXISTS `overtime`;
CREATE TABLE IF NOT EXISTS `overtime` (
  `id` int(8) NOT NULL,
  `year` int(4) NOT NULL,
  `month` int(2) NOT NULL,
  `day` int(2) NOT NULL,
  `grade` int(2) NOT NULL,
  `hours` int(2) NOT NULL,
  KEY `id` (`id`)
) ENGINE=MyISAM DEFAULT CHARSET=utf8 COMMENT='加班信息';

--
-- Dumping data for table `overtime`
--

INSERT INTO `overtime` (`id`, `year`, `month`, `day`, `grade`, `hours`) VALUES
(10001, 2018, 3, 4, 1, 2),
(10001, 2018, 3, 15, 1, 4),
(10002, 2018, 3, 5, 1, 8),
(10002, 2018, 3, 6, 1, 4),
(10003, 2018, 3, 2, 1, 2),
(10003, 2018, 3, 5, 1, 4),
(10003, 2018, 2, 5, 1, 4),
(10003, 2018, 3, 7, 2, 2),
(10004, 2018, 3, 4, 1, 8),
(10006, 2018, 3, 15, 1, 1),
(10006, 2018, 2, 15, 1, 1),
(10007, 2018, 3, 10, 3, 6),
(10007, 2018, 3, 20, 2, 6),
(10008, 2018, 3, 4, 1, 1),
(10010, 2018, 3, 5, 1, 2),
(10011, 2018, 3, 5, 2, 1),
(10011, 2018, 2, 4, 2, 1),
(10013, 2018, 3, 2, 2, 2),
(10014, 2018, 3, 20, 2, 2),
(10014, 2018, 3, 22, 2, 2),
(10015, 2018, 3, 5, 1, 2),
(10017, 2018, 3, 5, 2, 8),
(10018, 2018, 3, 2, 2, 2),
(10022, 2018, 3, 20, 2, 2),
(10030, 2018, 3, 20, 2, 2),
(10035, 2018, 3, 20, 2, 2);

-- --------------------------------------------------------

--
-- Table structure for table `ovtype`
--

DROP TABLE IF EXISTS `ovtype`;
CREATE TABLE IF NOT EXISTS `ovtype` (
  `grade` int(2) NOT NULL AUTO_INCREMENT COMMENT '加班类别号',
  `name` char(10) NOT NULL,
  `wage` int(5) NOT NULL COMMENT '每小时加班费',
  PRIMARY KEY (`grade`)
) ENGINE=MyISAM  DEFAULT CHARSET=utf8 COMMENT='加班类别' AUTO_INCREMENT=4 ;

--
-- Dumping data for table `ovtype`
--

INSERT INTO `ovtype` (`grade`, `name`, `wage`) VALUES
(1, '工作日加班', 80),
(2, '周末加班', 100),
(3, '节假日加班', 150);

-- --------------------------------------------------------

--
-- Table structure for table `personel`
--

DROP TABLE IF EXISTS `personel`;
CREATE TABLE IF NOT EXISTS `personel` (
  `id` int(8) NOT NULL AUTO_INCREMENT COMMENT '员工号',
  `level` int(2) NOT NULL COMMENT '员工级别号',
  `dp_id` int(2) NOT NULL COMMENT '部门号',
  `name` char(10) NOT NULL,
  `sex` char(1) NOT NULL,
  `age` int(2) DEFAULT NULL,
  `tel` char(13) DEFAULT NULL,
  `address` char(40) DEFAULT NULL,
  PRIMARY KEY (`id`),
  KEY `level` (`level`)
) ENGINE=MyISAM  DEFAULT CHARSET=utf8 AUTO_INCREMENT=10036 ;

--
-- Dumping data for table `personel`
--

INSERT INTO `personel` (`id`, `level`, `dp_id`, `name`, `sex`, `age`, `tel`, `address`) VALUES
(10001, 8, 2, '赵小雷', '男', 31, '18943278465', '嘉定'),
(10002, 5, 2, '陈家亮', '男', 31, '17434227845', '闵行'),
(10003, 6, 2, '胡薇薇', '女', 33, '13739757857', '闵行'),
(10004, 5, 1, '殷悦', '女', 28, '13747832623', '浦东新区'),
(10005, 4, 1, '尤佳怡', '女', 25, '13526562267', '松江'),
(10006, 5, 2, '陈敏敏', '女', 28, '13726562238', '徐汇'),
(10007, 7, 2, '李岗', '男', 33, '18845678343', '长宁'),
(10008, 6, 2, '谢晓峰', '男', 29, '17745678254', '长宁'),
(10009, 7, 2, '彤光', '男', 41, '13545678774', '嘉定'),
(10010, 6, 2, '张昊', '女', 38, '13545678388', '虹口'),
(10011, 5, 2, '宋子航', '女', 23, '13145678498', '虹口'),
(10012, 4, 1, '李逛', '女', 33, '18745673423', '虹口'),
(10013, 5, 2, '宋美迪', '女', 26, '18845678764', '宝山'),
(10014, 8, 2, '沈海飞', '男', 38, '18845672244', '金山'),
(10015, 5, 1, '田园', '女', 22, '13545678323', '虹口'),
(10016, 5, 2, '江何', '女', 27, '13145678421', '虹口'),
(10017, 6, 1, '李逛', '女', 33, '18745675487', '虹口'),
(10018, 6, 1, '王璐璐', '女', 26, '13249369784', '宝山'),
(10019, 4, 1, '藏斯曼', '女', 22, '13245251224', '黄埔'),
(10020, 4, 2, '钱亮', '男', 24, '13297597669', '卢湾'),
(10021, 6, 2, '王强', '男', 25, '13298444750', '青浦'),
(10022, 5, 2, '路为佳', '男', 23, '13842231513', '徐汇'),
(10023, 6, 2, '吴盼', '男', 27, '13861442338', '长宁'),
(10024, 7, 2, '李玲玉', '男', 28, '13885620474', '崇明'),
(10025, 8, 2, '王维', '男', 32, '13881631182', '徐汇'),
(10026, 7, 2, '田家兴', '男', 32, '13875807329', '杨浦'),
(10027, 4, 2, '回果', '男', 22, '15078455358', '松江'),
(10028, 5, 2, '王亚维', '女', 32, '15535683474', '闵行'),
(10029, 6, 1, '周莉', '女', 31, '15090537173', '金山'),
(10030, 6, 2, '张会江', '男', 31, '15220228467', '崇明'),
(10031, 7, 2, '宋靓靓', '女', 29, '15276207778', '松江'),
(10032, 4, 2, '王利伟', '男', 20, '15275417678', '青浦'),
(10033, 9, 2, '盛昌宏', '男', 45, '15567573135', '宝山'),
(10034, 8, 1, '李由', '女', 42, '15087469648', '宝山'),
(10035, 5, 2, '吴思伟', '男', 27, '15583910883', '黄浦');

-- --------------------------------------------------------

--
-- Table structure for table `position`
--

DROP TABLE IF EXISTS `position`;
CREATE TABLE IF NOT EXISTS `position` (
  `dp_id` int(2) DEFAULT NULL COMMENT '部门号',
  `dp_name` char(10) NOT NULL DEFAULT '',
  `level` int(11) NOT NULL DEFAULT '0',
  `title` char(10) NOT NULL DEFAULT '',
  `bsalary` int(11) NOT NULL DEFAULT '0'
) ENGINE=MyISAM DEFAULT CHARSET=utf8;

--
-- Dumping data for table `position`
--

INSERT INTO `position` (`dp_id`, `dp_name`, `level`, `title`, `bsalary`) VALUES
(1, '业务销售部', 4, '业务员', 3000),
(1, '业务销售部', 5, '销售专员', 6000),
(1, '业务销售部', 6, '区域销售主管', 10000),
(1, '业务销售部', 7, '法务主管', 15000),
(1, '业务销售部', 8, '大项目经理', 20000),
(1, '业务销售部', 9, '销售总监', 30000),
(2, '技术产业部', 4, '助理工程师', 10000),
(2, '技术产业部', 5, '工程师', 14000),
(2, '技术产业部', 6, '高级工程师', 20000),
(2, '技术产业部', 7, '资深工程师', 25000),
(2, '技术产业部', 8, '产业科学家', 30000),
(2, '技术产业部', 9, '资深科学家', 40000),
(3, '产品设计部', 4, '产品经理', 5000),
(3, '产品设计部', 5, '产品助理', 8000),
(3, '产品设计部', 6, '设计师', 12000),
(3, '产品设计部', 7, '产线设计师', 20000),
(3, '产品设计部', 8, '资深设计师', 28000),
(3, '产品设计部', 9, '首席设计师', 40000);

-- --------------------------------------------------------

--
-- Table structure for table `salary`
--

DROP TABLE IF EXISTS `salary`;
CREATE TABLE IF NOT EXISTS `salary` (
  `id` int(8) NOT NULL DEFAULT '0' COMMENT '员工号',
  `year` int(4) NOT NULL DEFAULT '0',
  `month` int(2) NOT NULL DEFAULT '0',
  `bsalary` double(20,2) NOT NULL DEFAULT '0.00',
  `pay` double(20,2) NOT NULL DEFAULT '0.00',
  `deduct` double(20,2) NOT NULL DEFAULT '0.00',
  `bonus` double(20,2) NOT NULL DEFAULT '0.00',
  `pre_tax` double(20,2) NOT NULL DEFAULT '0.00',
  `post_tax` double(20,2) unsigned NOT NULL
) ENGINE=MyISAM DEFAULT CHARSET=utf8;

--
-- Dumping data for table `salary`
--

INSERT INTO `salary` (`id`, `year`, `month`, `bsalary`, `pay`, `deduct`, `bonus`, `pre_tax`, `post_tax`) VALUES
(10001, 2018, 2, 29500.00, 0.00, 480.00, 3000.00, 32020.00, 23926.25),
(10002, 2018, 2, 13000.00, 0.00, 0.00, 3500.00, 16500.00, 12286.25),
(10003, 2018, 2, 19000.00, 320.00, 0.00, 4200.00, 23520.00, 17551.25),
(10004, 2018, 2, 5500.00, 0.00, 0.00, 3500.00, 9000.00, 7137.50),
(10005, 2018, 2, 2500.00, 0.00, 0.00, 2900.00, 5400.00, 4426.35),
(10006, 2018, 2, 13500.00, 80.00, 160.00, 3100.00, 16520.00, 12301.25),
(10007, 2018, 2, 24000.00, 0.00, 0.00, 3300.00, 27300.00, 20386.25),
(10008, 2018, 2, 20500.00, 0.00, 0.00, 0.00, 20500.00, 15286.25),
(10009, 2018, 2, 24500.00, 0.00, 0.00, 3000.00, 27500.00, 20536.25),
(10010, 2018, 2, 19500.00, 0.00, 0.00, 0.00, 19500.00, 14536.25),
(10011, 2018, 2, 12600.00, 100.00, 0.00, 0.00, 12700.00, 9637.00),
(10012, 2018, 2, 3000.00, 0.00, 0.00, 500.00, 3500.00, 2887.50),
(10013, 2018, 2, 13500.00, 0.00, 320.00, 500.00, 13680.00, 10283.80),
(10014, 2018, 2, 30000.00, 0.00, 0.00, 200.00, 30200.00, 22561.25),
(10015, 2018, 2, 6000.00, 0.00, 0.00, 3000.00, 9000.00, 7137.50),
(10016, 2018, 2, 13000.00, 0.00, 0.00, 3000.00, 16000.00, 11911.25),
(10017, 2018, 2, 9500.00, 0.00, 0.00, 2000.00, 11500.00, 8845.00),
(10018, 2018, 2, 10500.00, 0.00, 0.00, 1200.00, 11700.00, 8977.00),
(10019, 2018, 2, 3100.00, 0.00, 0.00, 2800.00, 5900.00, 4826.48),
(10020, 2018, 2, 11500.00, 0.00, 0.00, 400.00, 11900.00, 9109.00),
(10021, 2018, 2, 19500.00, 0.00, 0.00, 1100.00, 20600.00, 15361.25),
(10022, 2018, 2, 13500.00, 0.00, 0.00, 4500.00, 18000.00, 13411.25),
(10023, 2018, 2, 19500.00, 0.00, 0.00, 2000.00, 21500.00, 16036.25),
(10024, 2018, 2, 24500.00, 0.00, 0.00, 5800.00, 30300.00, 22636.25),
(10025, 2018, 2, 30500.00, 0.00, 0.00, 3000.00, 33500.00, 25036.25),
(10026, 2018, 2, 25500.00, 0.00, 0.00, 1000.00, 26500.00, 19786.25),
(10027, 2018, 2, 9500.00, 0.00, 0.00, 10000.00, 19500.00, 14536.25),
(10028, 2018, 2, 13500.00, 0.00, 0.00, 0.00, 13500.00, 10165.00),
(10029, 2018, 2, 8500.00, 0.00, 0.00, 1000.00, 9500.00, 7508.75),
(10030, 2018, 2, 19500.00, 0.00, 0.00, 2000.00, 21500.00, 16036.25),
(10031, 2018, 2, 23500.00, 0.00, 0.00, 2100.00, 25600.00, 19111.25),
(10032, 2018, 2, 12500.00, 0.00, 0.00, 3000.00, 15500.00, 11536.25),
(10033, 2018, 2, 39500.00, 0.00, 0.00, 3400.00, 42900.00, 40275.00),
(10034, 2018, 2, 18500.00, 0.00, 0.00, 2500.00, 21000.00, 15661.25),
(10035, 2018, 2, 13500.00, 0.00, 0.00, 0.00, 13500.00, 10165.00);

-- --------------------------------------------------------

--
-- Table structure for table `user`
--

DROP TABLE IF EXISTS `user`;
CREATE TABLE IF NOT EXISTS `user` (
  `userid` char(16) NOT NULL,
  `password` char(40) NOT NULL,
  PRIMARY KEY (`userid`)
) ENGINE=MyISAM DEFAULT CHARSET=utf8;

--
-- Dumping data for table `user`
--

INSERT INTO `user` (`userid`, `password`) VALUES
('root', '5baa61e4c9b93f3f0682250b6cf8331b7ee68fd8'),
('admin', '5baa61e4c9b93f3f0682250b6cf8331b7ee68fd8');

/*!40101 SET CHARACTER_SET_CLIENT=@OLD_CHARACTER_SET_CLIENT */;
/*!40101 SET CHARACTER_SET_RESULTS=@OLD_CHARACTER_SET_RESULTS */;
/*!40101 SET COLLATION_CONNECTION=@OLD_COLLATION_CONNECTION */;
